"Comment","Designator","Footprint","LCSC Part #"
"LED","ACT1","LED_0603_1608Metric","C72043"
"220uF/50V","C1","CP_Elec_10x10","no_part_number"
"2.2NF","C2,C65","C_0402_1005Metric","C1531"
"1uF","C3,C4,C61,C55,C56","C_0402_1005Metric","C52923"
"330uF/25V","C6","CP_Elec_8x10.5","no_part_number"
"10nF","C7,C15,C14","C_0402_1005Metric","C15195"
"33NF","C8","C_0402_1005Metric","C1585"
"1NF","C9,C66","C_0402_1005Metric","C1523"
"47UF/16V","C13,C12","CP_Elec_5x5.3","C134798"
"22pFDNP","C16","C_0402_1005Metric","no_part_number"
"2.2UF","C23","C_0603_1608Metric","C23630"
"470pF","C26,C24,C25,C27","C_0402_1005Metric","C1537"
"10UF","C59,C5,C11,C34,C32,C30","C_0402_1005Metric","C15525"
"22UF","C60,C37","C_0603_1608Metric","C59461"
"100NF","C63,C18,C17,C19,C20,C21,C22,C10,C29,C31,C33,C28,C40,C43,C45,C47,C49,C51,C53,C42,C44,C46,C48,C50,C52,C36,C35,C57,C58,C54,C41","C_0402_1005Metric","C1525"
"470UF/16V","C64,C62","CP_Elec_8x10.5","no_part_number"
"250mA/100V","D1","D_SOD-323F","C2128"
"WS2812B","D13,D9,D2,D12,D11,D10,D3,D4,D5,D6,D7,D8","LED_WS2812_Mini_3.5x3.5mm_P1.1mm","C527089"
"D_Schottky","D14","D_SMA","C22452"
"D_Schottky","D15","D_SOD-123","C8598"
"BAT54A","D20","SOT-23","no_part_number"
"TestPoint","DM3","TestPoint_Pad_D1.0mm","no_part_number"
"TestPoint","DP3","TestPoint_Pad_D1.0mm","no_part_number"
"1000R","FB5,FB6","R_0805_2012Metric","C1017"
"FB","FB8,FB7,FB1,FB2,FB3,FB4,FB9","R_1206_3216Metric","C29107"
"MountingHole","H1,H2,H3,H4","MountingHole_3mm_Pad","no_part_number"
"MountingHole","H5","mycroft_logo_graphic","no_part_number"
"MountingHole","H6","OSHW-Symbol_6.7x6mm_SilkScreen","no_part_number"
"MountingHole","H7","mycroft_logo_words","no_part_number"
"Barrel_Jack","J1","BarrelJack_Vertical","C381117"
"PVDD Jumper","J2","SolderJumper-2_P1.3mm_Bridged_RoundedPad1.0x1.5mm","no_part_number"
"SPKLEFT","J3","JST_PH_B2B-PH-SM4-TB_1x02-1MP_P2.00mm_Vertical","no_part_number"
"SPKRIGHT","J4","JST_PH_B2B-PH-SM4-TB_1x02-1MP_P2.00mm_Vertical","no_part_number"
"PowerTP","J5","PinHeader_2x04_P2.54mm_Vertical","no_part_number"
"Raspberry_Pi_4","J6","PinSocket_2x20_P2.54mm_Horizontal","no_part_number"
"USB_B_Micro","J7","USB_Micro-B_GCT_USB3076-30-A","C319162"
"MIC","J8","PinHeader_1x03_P2.54mm_Vertical","no_part_number"
"AudioJack3_Ground_Switch","J9","STX-3790-5N","no_part_number"
"Debug Connector","J10","PinHeader_2x10_P2.54mm_Vertical","no_part_number"
"I2S","J11","PinHeader_1x05_P2.54mm_Vertical","no_part_number"
"SCL","J12","SolderJumper-3_P1.3mm_Bridged2Bar12_RoundedPad1.0x1.5mm_NumberLabels","no_part_number"
"USB-PinHeader","J13","PinSocket_1x04_P2.54mm_Horizontal","C225512"
"SDA","J14","SolderJumper-3_P1.3mm_Bridged2Bar12_RoundedPad1.0x1.5mm_NumberLabels","no_part_number"
"47uH","L1","L_Wuerth_HCI-1365","C429835"
"2.2UH Â±30% 1.55A","L2","L_1210_3225Metric","C86074"
"Net-Tie_2","NT1","NetTie-2_SMD_Pad0.5mm","no_part_number"
"LED","P1,P3,P2,P4","LED_0603_1608Metric","C72043"
"Prog","Prog1","TestPoint_Pad_D2.0mm","no_part_number"
"LED_RED","PWR1,PWR2","LED_0603_1608Metric","C2286"
"AO3401A","Q3","SOT-23","C15127"
"2N7002","Q4","SOT-23-3","C8545"
"10k","R1,R2,R20,R47,R42,R49,R48,R50,R51,R52,R39","R_0402_1005Metric","C25744"
"75k","R3","R_0402_1005Metric","C25798"
"330K","R4","R_0402_1005Metric","C25778"
"10R","R5","R_0402_1005Metric","C25077"
"220k","R7,R6","R_0402_1005Metric","C25767"
"3.3K","R8","R_0402_1005Metric","C25890"
"100R","R11,R10,R43,R44,R45,R46","R_0402_1005Metric","C25076"
"20k","R21,R22,R17,R18","R_0402_1005Metric","C25765"
"47K","R23,R26,R40","R_0402_1005Metric","C25792"
"4R7","R24","R_0603_1608Metric","C23164"
"100k","R27,R30","R_0402_1005Metric","C25741"
"680R","R28","R_0402_1005Metric","C25130"
"330R","R29,R33,R38,R53","R_0402_1005Metric","C25104"
"2.7k","R31","R_0603_1608Metric","C13167"
"33R","R34,R36,R35,R32","R_0402_1005Metric","C25105"
"4.7k","R41","R_0402_1005Metric","C25900"
"Action","S1","SW_SPST_TL3342","C318884"
"VolUp","S2","SW_SPST_TL3342","C318884"
"VolDown","S3","SW_SPST_TL3342","C318884"
"MuteMic","SW1","SW_SPDT_PCM12","C221841"
"TestPoint","TP1_0V1","TestPoint_Pad_D2.0mm","no_part_number"
"TestPoint","TP2,TP3","TestPoint_Pad_D1.0mm","no_part_number"
"TestPoint","TP25,TP23,TP22,TP18","TestPoint_Pad_D2.0mm","no_part_number"
"XL4501E1","U1","TO-263-5_TabPin3","C73025"
"NCP303LSN09","U2,U12","SOT-23-5","C150075"
"MAX9744","U3","max9744eth&plus_","no_part_number"
"AMS1117-3.3","U4","SOT-223-3_TabPin2","C6186"
"SN74LVC125APWR","U5","TSSOP-14_4.4x5mm_P0.65mm","C7813"
"FE1.1s","U6","SSOP-28_3.9x9.9mm_P0.635mm","C9359"
"MP2359","U7","TSOT-23-6","C14259"
"XMOS-XVF3510","U8","QFN-60-1EP_7x7mm_P0.4mm_EP5.6x5.6mm-HandSolder","no_part_number"
"AT25SF161 16MBIT","U9","SOIC-8_5.23x5.23mm_P1.27mm","C93710"
"SPK0641HT4H-1","U10,U11","HCLGA-MP34DT05","no_part_number"
"UDA1334ATS","U13","SSOP-16_4.4x5.2mm_P0.65mm","C494494"
"ATtiny402-SS","U14","SOIC-8_3.9x4.9mm_P1.27mm","no_part_number"
"USB Jumper","USB_Power1","SolderJumper-2_P1.3mm_Open_TrianglePad1.0x1.5mm","no_part_number"
"SG-210STF 24M","X1","Oscillator_SMD_SeikoEpson_SG8002CE-4Pin_3.2x2.5mm","C32528"
"12MHz","Y2","Crystal_SMD_3225-4Pin_3.2x2.5mm","C9002"
